Residue_ID,Residue_Name,RMSF_Angstrom,SASA_Mean_A2
1,MET,0.3232,77.0737
2,GLN,0.2463,46.2442
3,ILE,0.1744,40.3464
4,PHE,0.1742,41.9549
5,VAL,0.1854,42.6251
6,LYS,0.2947,43.2953
7,THR,0.3677,46.6464
8,LEU,0.4864,75.3312
9,THR,0.5312,71.7121
10,GLY,0.4659,70.9078
11,LYS,0.3634,62.8654
12,THR,0.2700,58.0399
13,ILE,0.1892,62.3292
14,THR,0.1673,56.2973
15,LEU,0.1393,66.6185
16,GLU,0.2114,60.3186
17,VAL,0.2244,64.8760
18,GLU,0.2910,60.1845
19,PRO,0.2707,55.7612
20,SER,0.3088,71.4440
21,ASP,0.2669,61.1228
22,THR,0.2563,40.0783
23,ILE,0.2301,49.7293
24,GLU,0.3281,51.2038
25,ASN,0.2951,56.0293
26,VAL,0.1933,54.6888
27,LYS,0.2642,47.5847
28,ALA,0.3018,53.6165
29,LYS,0.2225,57.2356
30,ILE,0.2200,51.0697
31,GLN,0.3060,31.2316
32,ASP,0.2845,67.0206
33,LYS,0.2120,66.4845
34,GLU,0.2790,65.2781
35,GLY,0.3682,65.2781
36,ILE,0.3873,65.0100
37,PRO,0.4661,66.8866
38,PRO,0.4093,58.8441
39,ASP,0.4921,75.0631
40,GLN,0.4935,55.8952
41,GLN,0.3825,52.4101
42,ARG,0.3399,60.1845
43,LEU,0.2326,53.0803
44,ILE,0.2449,40.7486
45,PHE,0.2278,56.4314
46,ALA,0.3057,78.8163
47,GLY,0.3559,74.2589
48,LYS,0.3061,67.8249
49,GLN,0.2974,61.3909
50,LEU,0.2316,71.3100
51,GLU,0.2865,69.2993
52,ASP,0.3062,48.6570
53,GLY,0.3333,76.4035
54,ARG,0.2578,61.7930
55,THR,0.2157,37.2635
56,LEU,0.1724,51.7399
57,SER,0.2373,49.4612
58,ASP,0.2168,69.1653
59,TYR,0.2006,68.3611
60,ASN,0.2606,68.0930
61,ILE,0.2363,60.8547
62,GLN,0.3115,73.7227
63,LYS,0.3211,59.5143
64,GLU,0.2883,65.4121
65,SER,0.2474,56.9675
66,THR,0.2352,60.0505
67,LEU,0.2189,49.4612
68,HIS,0.2861,46.2442
69,LEU,0.3117,47.3166
70,VAL,0.4007,59.9165
71,LEU,0.4745,63.9377
72,ARG,0.5271,64.8760
73,LEU,0.6969,76.2695
74,ARG,1.4350,75.8674
75,GLY,3.2350,74.6610
76,GLY,5.9265,100.3969
